{
  "scheduled_count": 33,
  "avg_elevation": 30.87030303030303,
  "total_idle_time": 36270.0,
  "night_utilization": 16.041666666666668,
  "avg_idle_per_slot": 1099.090909090909
}