{
  "scheduled_count": 165,
  "avg_elevation": 50.08387878787879,
  "total_idle_time": 8550.0,
  "night_utilization": 80.20833333333334,
  "avg_idle_per_slot": 51.81818181818182
}