{
  "scheduled_count": 157,
  "avg_elevation": 45.34152866242039,
  "total_idle_time": 10230.0,
  "night_utilization": 76.31944444444444,
  "avg_idle_per_slot": 65.1592356687898
}