{
  "scheduled_count": 55,
  "avg_elevation": 38.97490909090908,
  "total_idle_time": 31650.0,
  "night_utilization": 26.73611111111111,
  "avg_idle_per_slot": 575.4545454545455
}