{
  "scheduled_count": 129,
  "avg_elevation": 42.65542635658914,
  "total_idle_time": 16110.0,
  "night_utilization": 62.708333333333336,
  "avg_idle_per_slot": 124.88372093023256
}