{
  "scheduled_count": 38,
  "total_elevation": 1975.7900000000002,
  "avg_elevation": 51.99447368421053,
  "total_idle_time": 35220.0,
  "avg_idle_time": 11740.0,
  "tight_window_count": 0,
  "night_utilization": 18.47222222222222
}