{
  "scheduled_count": 54,
  "total_elevation": 2781.129999999999,
  "avg_elevation": 51.50240740740739,
  "total_idle_time": 31860.0,
  "avg_idle_time": 4551.428571428572,
  "tight_window_count": 1,
  "night_utilization": 26.25
}