{
  "scheduled_count": 42,
  "total_elevation": 1944.77,
  "avg_elevation": 46.304047619047616,
  "total_idle_time": 34380.0,
  "avg_idle_time": 8595.0,
  "tight_window_count": 3,
  "night_utilization": 20.416666666666668
}