{
  "scheduled_count": 44,
  "total_elevation": 2117.36,
  "avg_elevation": 48.121818181818185,
  "total_idle_time": 33960.0,
  "avg_idle_time": 5660.0,
  "tight_window_count": 0,
  "night_utilization": 21.38888888888889
}