{
  "scheduled_count": 35,
  "total_elevation": 1571.1699999999998,
  "avg_elevation": 44.89057142857143,
  "total_idle_time": 35850.0,
  "avg_idle_time": 8962.5,
  "tight_window_count": 1,
  "night_utilization": 17.01388888888889
}