{
  "1": [
    32000.556195070396,
    35000.53105122266,
    36000.55933540957,
    36000.55933540957,
    36000.55933540957,
    36000.55933540957,
    36000.56191445703,
    36000.56191445703,
    36000.56191445703,
    36000.56191445703,
    36000.56191445703,
    36000.56191445703,
    36000.56191445703,
    36000.56191445703,
    36000.56191445703,
    36000.56191445703,
    36000.56384019141,
    36000.57075299635,
    36000.57075299635,
    36000.57293184679,
    36000.57293184679,
    36000.57832595534,
    36000.57832595534,
    36000.57832595534,
    36000.58140439396,
    36000.58140439396,
    36000.58140439396,
    36000.58678482056,
    36000.59013347768,
    36000.59013347768,
    36000.59013347768,
    36000.59013347768,
    36000.59013347768,
    36000.5906670737,
    36000.5906670737,
    36000.5906670737,
    36000.5906670737,
    36000.5906670737,
    36000.5906670737,
    36000.5906670737,
    36000.5906670737,
    36000.5906670737,
    36000.5906670737,
    36000.5906670737,
    36000.5906670737,
    36000.59357790844,
    36000.59357790844,
    36000.59357790844,
    36000.59363263624,
    36000.59363263624,
    36000.59363263624,
    37000.59425071227,
    37000.59425071227,
    37000.59425071227,
    37000.59425071227,
    37000.59425071227,
    37000.60053738313,
    37000.60053738313,
    37000.60053738313,
    37000.60134942531,
    38000.60034760135,
    38000.601319739864,
    38000.601319739864,
    38000.601319739864,
    38000.61274884828,
    38000.61274884828,
    38000.61274884828,
    38000.61274884828,
    38000.61274884828,
    38000.61274884828,
    38000.61274884828,
    38000.61296595922,
    38000.61296595922,
    38000.61296595922,
    38000.61760630037,
    38000.61760630037,
    38000.61760630037,
    38000.61760630037,
    38000.61760630037,
    38000.61760630037,
    38000.61760630037,
    38000.61760630037,
    38000.61760630037,
    38000.63204579771,
    38000.63204579771,
    38000.63204579771,
    38000.63204579771,
    38000.63204579771,
    38000.63204579771,
    38000.63204579771,
    38000.63204579771,
    38000.63209440464,
    38000.63209440464,
    38000.63209440464,
    38000.63209440464,
    38000.63209440464,
    38000.63209440464,
    38000.63209440464,
    38000.63209440464,
    38000.63209440464,
    38000.63209440464
  ],
  "2": [
    27000.57116765376,
    27000.57116765376,
    32000.54726759841,
    36000.56604640575,
    38000.53291035289,
    38000.53291035289,
    38000.53291035289,
    38000.53291035289,
    38000.53291035289,
    38000.53393433879,
    38000.53393433879,
    38000.534624557135,
    38000.534624557135,
    38000.53564854303,
    38000.53564854303,
    38000.53564854303,
    38000.54532132121,
    38000.54532132121,
    38000.54532132121,
    38000.54532132121,
    38000.54532132121,
    38000.54532132121,
    38000.54532132121,
    38000.55902523374,
    39000.54810180772,
    39000.54810180772,
    39000.56574836508,
    40000.55493237697,
    40000.55493237697,
    40000.55493237697,
    40000.56166492222,
    40000.56166492222,
    40000.56562379428,
    40000.56562379428,
    40000.56562379428,
    40000.56562379428,
    40000.56562379428,
    40000.56562379428,
    40000.569351783444,
    41000.567390774806,
    41000.567390774806,
    41000.567390774806,
    41000.567390774806,
    41000.56761902977,
    41000.568976546114,
    41000.568976546114,
    41000.5744126182,
    41000.5744126182,
    41000.5744126182,
    41000.5744126182,
    41000.5744126182,
    41000.5744126182,
    41000.5744126182,
    41000.5744126182,
    41000.5744126182,
    41000.5744126182,
    41000.5744126182,
    41000.5744126182,
    41000.5744126182,
    42000.571740976506,
    42000.571740976506,
    42000.571740976506,
    42000.571740976506,
    42000.571740976506,
    42000.571740976506,
    42000.571740976506,
    42000.571740976506,
    42000.571740976506,
    42000.571740976506,
    42000.571740976506,
    42000.571740976506,
    42000.571740976506,
    42000.571740976506,
    42000.571740976506,
    42000.571740976506,
    42000.57649936305,
    42000.57867186116,
    42000.57867186116,
    42000.581759095316,
    42000.581759095316,
    42000.581759095316,
    42000.581759095316,
    42000.581759095316,
    42000.581759095316,
    42000.581759095316,
    42000.581759095316,
    43000.57366603744,
    43000.58127192857,
    43000.58127192857,
    44000.573376085384,
    44000.573376085384,
    44000.573376085384,
    44000.573376085384,
    44000.573376085384,
    44000.573376085384,
    44000.573376085384,
    44000.573376085384,
    44000.573376085384,
    44000.573376085384,
    44000.58469914233,
    44000.58469914233
  ],
  "3": [
    37000.59531235759,
    37000.59531235759,
    37000.59531235759,
    37000.59531235759,
    37000.59531235759,
    45000.61394727233,
    45000.61394727233,
    45000.61394727233,
    45000.61394727233,
    45000.61394727233,
    47000.61249185529,
    47000.61694576648,
    47000.61694576648,
    47000.61694576648,
    47000.620550814594,
    47000.620550814594,
    47000.62876959071,
    47000.62876959071,
    47000.62876959071,
    47000.62876959071,
    47000.62876959071,
    47000.62876959071,
    47000.62876959071,
    47000.62876959071,
    47000.62876959071,
    47000.62876959071,
    47000.62876959071,
    47000.62876959071,
    47000.62876959071,
    47000.62876959071,
    47000.62876959071,
    47000.62876959071,
    47000.62876959071,
    47000.62876959071,
    47000.62876959071,
    47000.62876959071,
    47000.6288455692,
    47000.6288455692,
    47000.6288455692,
    47000.6288455692,
    47000.6288455692,
    47000.629697052216,
    47000.629697052216,
    47000.629697052216,
    47000.63363221375,
    50000.62172990292,
    50000.62172990292,
    50000.6262293488,
    50000.6262293488,
    50000.6262293488,
    50000.6262293488,
    50000.63149963572,
    50000.63220151972,
    50000.63220151972,
    50000.63220151972,
    50000.63220151972,
    50000.63220151972,
    50000.63559519045,
    50000.63559519045,
    50000.63559519045,
    50000.63559519045,
    50000.63559519045,
    50000.63559519045,
    50000.638282051674,
    50000.638282051674,
    50000.638282051674,
    50000.638282051674,
    50000.638282051674,
    50000.638282051674,
    50000.638282051674,
    50000.638282051674,
    50000.638282051674,
    50000.63929670504,
    51000.641232942275,
    51000.641232942275,
    51000.641232942275,
    51000.641232942275,
    51000.641232942275,
    51000.641232942275,
    51000.641232942275,
    51000.641232942275,
    51000.641232942275,
    51000.641232942275,
    51000.641232942275,
    51000.641232942275,
    51000.641232942275,
    51000.641232942275,
    51000.64171100569,
    51000.64171100569,
    51000.64171100569,
    51000.64171100569,
    51000.64171100569,
    51000.64171100569,
    51000.64171100569,
    51000.64171100569,
    51000.6426985205,
    51000.6426985205,
    51000.647046965954,
    51000.647046965954,
    54000.62866485096,
    54000.62866485096
  ],